lmabc;lmabc_1;lmabc_2;lmabc_3;;
10.8196;10.6974;11.3672;Indonesia;;
11.0627;10.7334;11.1837;Indonesia;;
11.0627;10.7334;11.2013;Indonesia;;
10.4267;10.6135;11.2705;Indonesia;;
10.6356;10.6311;11.2899;Indonesia;;
10.9838;10.6444;11.3685;Indonesia;;
10.7317;11.0644;11.1167;Indonesia;;
10.9723;10.9758;11.2876;Indonesia;;
10.9925;10.9322;11.1831;Indonesia;;
9.6292;10.6518;11.3473;Jepang;;
10.6222;10.5532;11.3203;Jepang;;
10.7254;10.5930;11.2037;Jepang;;
10.6102;10.7478;11.1326;Jepang;;
10.6518;10.6725;11.1422;Jepang;;
10.7452;10.6667;11.1949;Jepang;;
10.8725;10.9207;11.0830;Jepang;;
11.0184;10.7789;11.0993;Jepang;;
11.0665;10.8100;11.1917;Jepang;;
10.5719;10.7110;11.0717;Jepang;;
10.8220;10.6639;11.2700;Korea;;
10.8596;10.7258;11.2602;Korea;;
10.8016;10.6155;11.1784;Korea;;
10.9519;10.7012;11.1395;Korea;;
11.0240;10.7556;11.0562;Korea;;
10.8118;10.7507;11.0683;Korea;;
10.8797;10.7048;11.0837;Korea;;
11.0273;10.8421;11.0677;Korea;;
10.9695;10.6106;10.9755;Korea;;
11.1641;10.6681;11.1342;Korea;;
11.1169;10.6993;11.0409;Indonesia;;
10.9848;10.8172;11.0509;Indonesia;;
11.1491;10.7874;10.9961;Indonesia;;
11.2568;10.7592;11.1877;Indonesia;;
10.7917;10.8448;10.9628;Indonesia;;
10.9397;10.7600;11.0401;Indonesia;;
10.9882;10.7428;11.2013;Indonesia;;
10.7225;10.4896;11.2915;Indonesia;;
10.8107;10.4460;11.3670;Indonesia;;
10.9032;10.4889;11.4773;Jepang;;
10.6320;10.5313;11.0360;Jepang;;
10.8836;10.4273;11.0782;Jepang;;
11.2332;10.3116;11.2290;Jepang;;
10.7495;10.7185;11.1839;Jepang;;
10.6758;10.5469;11.2986;Jepang;;
10.8881;10.6207;11.2926;Jepang;;
10.8165;10.2966;11.0324;Jepang;;
10.8616;10.6619;11.0622;Jepang;;
10.8006;10.7230;11.2180;Jepang;;
10.7284;10.8148;11.0712;Korea;;
10.7699;10.7250;11.0889;Korea;;
10.8813;10.7454;11.3079;Korea;;
10.9527;10.4205;10.9927;Korea;;
10.9481;10.4104;11.1053;Korea;;
11.0530;10.5493;11.2651;Korea;;
10.9054;10.6092;11.1889;Korea;;
10.9689;10.7860;11.2100;Korea;;
10.9640;10.7205;11.2668;Korea;;
10.7324;10.4952;11.1154;Korea;;
10.8287;10.4426;11.1561;Indonesia;;
10.8446;10.4366;11.4311;Jepang;;
10.9422;10.4621;11.0462;Korea;;
10.8191;10.5252;11.1433;Indonesia;;
10.9059;10.6221;11.1799;Jepang;;
